-- Terrrence SQLite -> PostgreSQL data migration
-- Generated: 2026-04-19T15:15:15.588644Z

BEGIN;

SET session_replication_role = replica;

-- api_keys
INSERT INTO api_keys (id, key_hash, label, created_at, last_seen_at) VALUES (1, '$argon2id$v=19$m=65536,t=3,p=4$30aB/4k5gG2DwKT2/yTHtA$/c4arl3cEiwbvWLLc9Tbmb74PjnFLqHZ1QAO9/3Rtwc', 'owner', '2026-04-10 23:13:13', '2026-04-19 15:14:43');
INSERT INTO api_keys (id, key_hash, label, created_at, last_seen_at) VALUES (2, '$argon2id$v=19$m=65536,t=3,p=4$eOQlRDDDeuH2jX5fu8/3ZQ$2jsiUPO+G2YrO9jgZHvprnudsmAV7kfIbx0JB+UHeBA', 'smoketest', '2026-04-11 13:00:43', '2026-04-12 16:03:20');
INSERT INTO api_keys (id, key_hash, label, created_at, last_seen_at) VALUES (3, '$argon2id$v=19$m=65536,t=3,p=4$Ncl9BG5Iz2DATKZxw4MKtA$Pucki/x1kSNGXZb0uGyjp/OJgPEDtmrlYlFxm/5/YyI', 'testkey', '2026-04-11 23:48:50', NULL);
INSERT INTO api_keys (id, key_hash, label, created_at, last_seen_at) VALUES (4, '$argon2id$v=19$m=65536,t=3,p=4$slvYHof8nnvdtREretFyvA$IoFCUou9mLcuTHlM1A8viSZhK9SSeUEFq/0iC3rZQiU', NULL, '2026-04-12 18:55:07', '2026-04-14 10:53:42');
SELECT setval('api_keys_id_seq', 4);

-- sessions
INSERT INTO sessions (session_id, api_key_id, created_at, last_seen_at) VALUES ('aedc99877a64a7077f471670c45b510715d2e5da6a0a9e60cb942bc7d0bd6beb', 2, '2026-04-11 13:01:13', '2026-04-11 13:01:13');
INSERT INTO sessions (session_id, api_key_id, created_at, last_seen_at) VALUES ('553a07881c590e1e98efff3dcf1a15af9d7abc12532e2ba60060bbe1ef64b026', 1, '2026-04-11 13:03:03', '2026-04-11 18:08:34');
INSERT INTO sessions (session_id, api_key_id, created_at, last_seen_at) VALUES ('3271f57660b458cb32f7dfab2255c2813fa179136a1b91a5fdafe8c962df52a8', 2, '2026-04-11 13:15:59', '2026-04-11 13:16:00');
INSERT INTO sessions (session_id, api_key_id, created_at, last_seen_at) VALUES ('f6915e43e50ac1d073c16b4de11ca32c8e2764c156a7c1d09b021a94a056a4df', 2, '2026-04-11 13:16:36', '2026-04-11 13:16:36');
INSERT INTO sessions (session_id, api_key_id, created_at, last_seen_at) VALUES ('32a9ec974bb7a7df9d80c38f8cf1c5ddf8b7dca0da6de29df57c3b084ed5336b', 2, '2026-04-11 13:16:52', '2026-04-11 13:16:52');
INSERT INTO sessions (session_id, api_key_id, created_at, last_seen_at) VALUES ('400856f4e3b38ce06bdfc015893ed3ad635ea74def67ab674623f489a8c2521a', 2, '2026-04-11 13:18:23', '2026-04-11 13:18:23');
INSERT INTO sessions (session_id, api_key_id, created_at, last_seen_at) VALUES ('56f208442383a798721057af4e249faa993be0e7ca9ddb46943ed3774a380234', 2, '2026-04-11 17:05:22', '2026-04-11 17:05:22');
INSERT INTO sessions (session_id, api_key_id, created_at, last_seen_at) VALUES ('2d3ff5d0b00aaf2648732c6c15bcd7e1a5db084b688f82ebd7b404657bf1f0fe', 2, '2026-04-11 17:05:57', '2026-04-11 17:06:07');
INSERT INTO sessions (session_id, api_key_id, created_at, last_seen_at) VALUES ('b4a29deb1dc5e13b73d676b518a576466cde9a29ac17ecc7498bcd82ff1232f7', 2, '2026-04-11 17:12:20', '2026-04-11 17:12:21');
INSERT INTO sessions (session_id, api_key_id, created_at, last_seen_at) VALUES ('0e60dc1acb38614f2fd3a01e3f2688ebf03409b52d9b650af41652dc4d8e7856', 2, '2026-04-11 17:26:56', '2026-04-11 17:27:37');
INSERT INTO sessions (session_id, api_key_id, created_at, last_seen_at) VALUES ('b38f81adb3cd1425b8ede41ea8721195c9491ccbefa18138f25e6795afbdbddc', 2, '2026-04-11 17:27:38', '2026-04-11 17:27:48');
INSERT INTO sessions (session_id, api_key_id, created_at, last_seen_at) VALUES ('50f859ab9fd5c6848c2e490f501d9a5086fe7fad30ada9579fc7cb7c6aa56fb9', 1, '2026-04-11 22:44:48', '2026-04-12 01:55:10');
INSERT INTO sessions (session_id, api_key_id, created_at, last_seen_at) VALUES ('5e13cce8fb8c7006a81685c410b79e700659ac4188eed48a7f765adc737bec98', 2, '2026-04-11 23:48:46', '2026-04-11 23:48:46');
INSERT INTO sessions (session_id, api_key_id, created_at, last_seen_at) VALUES ('b5e5fff0f7ad331a33ee01a4ffb9421d252d1d50b5a4cb80c665586be2e4a657', 2, '2026-04-11 23:49:01', '2026-04-11 23:49:11');
INSERT INTO sessions (session_id, api_key_id, created_at, last_seen_at) VALUES ('49403fe97a9cf72f2a70642d8221fc460d0cc9273b21a1c2366cf4faa00cedbb', 2, '2026-04-11 23:55:57', '2026-04-11 23:56:08');
INSERT INTO sessions (session_id, api_key_id, created_at, last_seen_at) VALUES ('45dec23ad03d055217b61f5ea56a9ff263a4ecf4094ec18315e781c638f10427', 1, '2026-04-12 01:27:22', '2026-04-12 01:29:17');
INSERT INTO sessions (session_id, api_key_id, created_at, last_seen_at) VALUES ('68b2558c85b8d761fc15b8a442cabb09026bfafc8f89c76c80648db2e9015438', 2, '2026-04-12 01:27:55', '2026-04-12 01:27:55');
INSERT INTO sessions (session_id, api_key_id, created_at, last_seen_at) VALUES ('78166c72f7d8de0f48f70bdbbdcc367650765bc3a7804f44209af59c4dac83e0', 1, '2026-04-12 02:20:29', '2026-04-12 02:49:48');
INSERT INTO sessions (session_id, api_key_id, created_at, last_seen_at) VALUES ('f8fb5f9abb2a008d8a00cbb47396fe6b94781be16820378d168ec93870ad311c', 2, '2026-04-12 03:20:10', '2026-04-12 03:20:21');
INSERT INTO sessions (session_id, api_key_id, created_at, last_seen_at) VALUES ('c7bd85e4afaf2b13b55030c5c764acfd3aedf74b6f7a8cbf90d9c227a4903334', 2, '2026-04-12 03:21:26', '2026-04-12 03:21:36');
INSERT INTO sessions (session_id, api_key_id, created_at, last_seen_at) VALUES ('a55762daa167884c618861a7d0a297ccc70a5b0e5058c35a5a91c6be52ad5ed0', 2, '2026-04-12 16:03:20', '2026-04-12 16:03:20');
INSERT INTO sessions (session_id, api_key_id, created_at, last_seen_at) VALUES ('908a487351f10f28a5fc9da808831c57e9fc44685ae53049aaa6df7c8cc91e61', 1, '2026-04-12 16:11:56', '2026-04-13 02:24:49');
INSERT INTO sessions (session_id, api_key_id, created_at, last_seen_at) VALUES ('f2c3379c64cc58d4fd0b19c8cf48511de85d32010f527073f469d73b14ebb987', 4, '2026-04-12 19:14:53', '2026-04-12 19:15:02');
INSERT INTO sessions (session_id, api_key_id, created_at, last_seen_at) VALUES ('b3641ee425ab0d019c71cae5bc7c73ca63258dc42239ef3d73a38894c2753ffc', 4, '2026-04-13 08:27:33', '2026-04-13 08:27:34');
INSERT INTO sessions (session_id, api_key_id, created_at, last_seen_at) VALUES ('f10a6ec956fb1e66e1985d19549132a29a26cd256082ccc5a0ad4087f7be7b73', 4, '2026-04-13 10:04:29', '2026-04-14 10:53:42');
INSERT INTO sessions (session_id, api_key_id, created_at, last_seen_at) VALUES ('36ba847f7634b51c94b3bbc5c5736fee56d2f622c156a229b6bf1f12714b60ff', 1, '2026-04-13 12:26:05', '2026-04-13 17:38:32');
INSERT INTO sessions (session_id, api_key_id, created_at, last_seen_at) VALUES ('9ca335bced27dfd5549dc578e90adbeddb3d73cfdda6b1ae7307a329634a328d', 1, '2026-04-13 17:39:06', '2026-04-13 18:39:48');
INSERT INTO sessions (session_id, api_key_id, created_at, last_seen_at) VALUES ('954db98ba8ef30094cb69848f4e6acb6a74fb84b31486dcb7d4e25387724cfd7', 1, '2026-04-13 21:07:09', '2026-04-14 01:38:37');
INSERT INTO sessions (session_id, api_key_id, created_at, last_seen_at) VALUES ('cb9e21ebb39a44dd46e9d39468e1fa1bbaee8a905fff4886df3375340b0c9d1e', 1, '2026-04-17 21:13:25', '2026-04-18 01:27:39');
INSERT INTO sessions (session_id, api_key_id, created_at, last_seen_at) VALUES ('79b5c2bb0da407cca4ee04e3b83c0f723ea5fddecf90d289c49e1d8137b56295', 1, '2026-04-18 13:52:38', '2026-04-18 17:36:45');
INSERT INTO sessions (session_id, api_key_id, created_at, last_seen_at) VALUES ('8acc7b007fcabf73e1b3a0ba81e872c647b4049663bcc207d015f70c7affc841', 1, '2026-04-19 14:47:51', '2026-04-19 15:14:43');

-- projects
INSERT INTO projects (id, slug, display_name, owner_key_id, created_at) VALUES (1, 'smoke_game', 'Smoke Game', 2, '2026-04-11 13:00:58');
INSERT INTO projects (id, slug, display_name, owner_key_id, created_at) VALUES (2, 'sholver', 'sholver', 1, '2026-04-11 13:03:31');
INSERT INTO projects (id, slug, display_name, owner_key_id, created_at) VALUES (3, 'test_game2', 'Test Game 2', 2, '2026-04-11 13:16:00');
INSERT INTO projects (id, slug, display_name, owner_key_id, created_at) VALUES (4, 'test_game3', 'Test Game 3', 2, '2026-04-11 13:16:36');
INSERT INTO projects (id, slug, display_name, owner_key_id, created_at) VALUES (5, 'test_game4', 'Test Game 4', 2, '2026-04-11 13:16:52');
INSERT INTO projects (id, slug, display_name, owner_key_id, created_at) VALUES (6, 'test_game5', 'Test Game 5', 2, '2026-04-11 13:18:23');
SELECT setval('projects_id_seq', 6);

-- project_shares
INSERT INTO project_shares (project_id, api_key_id, granted_at) VALUES (2, 4, '2026-04-12 19:13:50');

-- entities
INSERT INTO entities (id, project_id, slug, type, display_name, created_at, updated_at, parent_id) VALUES (1, 1, 'old_barn', 'location', 'Old Barn', '2026-04-11 13:00:59', '2026-04-11 13:00:59', NULL);
INSERT INTO entities (id, project_id, slug, type, display_name, created_at, updated_at, parent_id) VALUES (2, 6, 'game', 'game', 'Test Game 5', '2026-04-11 13:18:23', '2026-04-11 13:18:23', NULL);
INSERT INTO entities (id, project_id, slug, type, display_name, created_at, updated_at, parent_id) VALUES (5, 6, 'derek', 'character', 'derek', '2026-04-11 17:05:57', '2026-04-11 17:05:57', NULL);
INSERT INTO entities (id, project_id, slug, type, display_name, created_at, updated_at, parent_id) VALUES (6, 6, 'sholver_s_mum', 'character', 'Sholver''s Mum', '2026-04-11 17:26:56', '2026-04-11 17:26:56', NULL);
INSERT INTO entities (id, project_id, slug, type, display_name, created_at, updated_at, parent_id) VALUES (7, 6, 'sholver', 'character', 'Sholver', '2026-04-11 17:27:07', '2026-04-11 17:27:07', NULL);
INSERT INTO entities (id, project_id, slug, type, display_name, created_at, updated_at, parent_id) VALUES (8, 6, 'old_barn', 'location', 'Old Barn', '2026-04-11 17:27:17', '2026-04-11 17:27:17', NULL);
INSERT INTO entities (id, project_id, slug, type, display_name, created_at, updated_at, parent_id) VALUES (9, 6, 'rusty_spanner', 'item', 'Rusty Spanner', '2026-04-11 17:27:27', '2026-04-11 17:27:27', NULL);
INSERT INTO entities (id, project_id, slug, type, display_name, created_at, updated_at, parent_id) VALUES (10, 6, 'sholvers_mum', 'character', 'Sholvers Mum', '2026-04-11 17:27:38', '2026-04-11 17:27:38', NULL);
INSERT INTO entities (id, project_id, slug, type, display_name, created_at, updated_at, parent_id) VALUES (15, 2, 'game', 'game', 'Sholver', '2026-04-11 23:37:48', '2026-04-13 22:21:06', NULL);
INSERT INTO entities (id, project_id, slug, type, display_name, created_at, updated_at, parent_id) VALUES (16, 6, 'chapter_1_as_we_forgive_those_who_bin_against_us', 'chapter', 'Chapter 1 - As We Forgive Those Who Bin Against Us', '2026-04-11 23:49:01', '2026-04-11 23:49:01', 2);
INSERT INTO entities (id, project_id, slug, type, display_name, created_at, updated_at, parent_id) VALUES (17, 2, 'C1', 'chapter', 'Chapter 1 - As We Forgive Those Who Bin Against Us', '2026-04-11 23:50:47', '2026-04-13 21:25:50', 15);
INSERT INTO entities (id, project_id, slug, type, display_name, created_at, updated_at, parent_id) VALUES (18, 2, 'sholver_s_mum', 'character', 'Sholver''s Mum', '2026-04-11 23:51:41', '2026-04-13 15:32:50', NULL);
INSERT INTO entities (id, project_id, slug, type, display_name, created_at, updated_at, parent_id) VALUES (20, 6, 'C2', 'chapter', 'Chapter 2 - To Be Determined', '2026-04-11 23:55:57', '2026-04-11 23:55:57', 2);
INSERT INTO entities (id, project_id, slug, type, display_name, created_at, updated_at, parent_id) VALUES (21, 6, 'C1', 'chapter', 'Chapter 1 - As We Forgive Those Who Bin Against Us', '2026-04-11 23:56:08', '2026-04-11 23:56:08', 2);
INSERT INTO entities (id, project_id, slug, type, display_name, created_at, updated_at, parent_id) VALUES (22, 2, 'C2', 'chapter', 'Chapter 2 - All the World''s a Stage', '2026-04-12 01:43:00', '2026-04-13 22:24:01', 15);
INSERT INTO entities (id, project_id, slug, type, display_name, created_at, updated_at, parent_id) VALUES (23, 2, 'C3', 'chapter', 'Chapter 3 - Of Vice and Men', '2026-04-12 01:45:12', '2026-04-13 22:33:24', 15);
INSERT INTO entities (id, project_id, slug, type, display_name, created_at, updated_at, parent_id) VALUES (24, 2, 'C4', 'chapter', 'Chapter 4 - Meine Liebe Hair', '2026-04-12 01:51:22', '2026-04-13 23:30:36', 15);
INSERT INTO entities (id, project_id, slug, type, display_name, created_at, updated_at, parent_id) VALUES (25, 2, 'C5', 'chapter', 'Chapter 5 - As Above, So Below', '2026-04-12 01:53:03', '2026-04-12 01:53:03', 15);
INSERT INTO entities (id, project_id, slug, type, display_name, created_at, updated_at, parent_id) VALUES (27, 2, 'bincel', 'character', 'Bincel', '2026-04-12 01:54:04', '2026-04-12 19:02:23', NULL);
INSERT INTO entities (id, project_id, slug, type, display_name, created_at, updated_at, parent_id) VALUES (28, 6, 'the_spanner_chat', 'conversation', 'The Spanner Chat', '2026-04-12 03:20:10', '2026-04-12 03:20:10', 7);
INSERT INTO entities (id, project_id, slug, type, display_name, created_at, updated_at, parent_id) VALUES (29, 6, 'another_chat', 'conversation', 'Another Chat', '2026-04-12 03:20:21', '2026-04-12 03:20:21', NULL);
INSERT INTO entities (id, project_id, slug, type, display_name, created_at, updated_at, parent_id) VALUES (30, 6, 'the_spanner_chat_2', 'conversation', 'The Spanner Chat 2', '2026-04-12 03:21:26', '2026-04-12 03:21:26', 7);
INSERT INTO entities (id, project_id, slug, type, display_name, created_at, updated_at, parent_id) VALUES (32, 2, 'sholver_s_mum_s_house_s_garden', 'location', 'Sholver''s Mum''s House''s Garden', '2026-04-12 16:30:29', '2026-04-18 14:40:07', NULL);
INSERT INTO entities (id, project_id, slug, type, display_name, created_at, updated_at, parent_id) VALUES (33, 2, 'canal', 'location', 'Canal', '2026-04-12 16:31:30', '2026-04-18 14:40:07', NULL);
INSERT INTO entities (id, project_id, slug, type, display_name, created_at, updated_at, parent_id) VALUES (36, 2, 'ferret', 'character', 'Ferret', '2026-04-12 16:32:53', '2026-04-12 20:27:49', NULL);
INSERT INTO entities (id, project_id, slug, type, display_name, created_at, updated_at, parent_id) VALUES (37, 2, 'sholver_s_mum_s_house_s_kitchen', 'location', 'Sholver''s Mum''s House''s Kitchen', '2026-04-12 16:34:05', '2026-04-18 14:40:07', NULL);
INSERT INTO entities (id, project_id, slug, type, display_name, created_at, updated_at, parent_id) VALUES (38, 2, 'waterhead', 'character', 'Waterhead', '2026-04-12 16:34:52', '2026-04-12 19:01:26', NULL);
INSERT INTO entities (id, project_id, slug, type, display_name, created_at, updated_at, parent_id) VALUES (39, 2, 'sholver', 'character', 'Sholver', '2026-04-12 16:36:58', '2026-04-13 14:52:15', NULL);
INSERT INTO entities (id, project_id, slug, type, display_name, created_at, updated_at, parent_id) VALUES (43, 2, 'loose_change', 'item', 'Loose Change', '2026-04-12 16:50:36', '2026-04-12 23:32:16', NULL);
INSERT INTO entities (id, project_id, slug, type, display_name, created_at, updated_at, parent_id) VALUES (44, 2, 'plumbing_equipment', 'item', 'Plumbing Equipment', '2026-04-12 17:06:38', '2026-04-12 23:33:31', NULL);
INSERT INTO entities (id, project_id, slug, type, display_name, created_at, updated_at, parent_id) VALUES (46, 2, 'fashionable_jeans', 'item', 'Fashionable Jeans', '2026-04-12 17:22:13', '2026-04-12 23:31:24', NULL);
INSERT INTO entities (id, project_id, slug, type, display_name, created_at, updated_at, parent_id) VALUES (49, 2, 'corner_shopkeeper', 'character', 'Corner Shopkeeper', '2026-04-12 19:03:05', '2026-04-13 18:25:33', NULL);
INSERT INTO entities (id, project_id, slug, type, display_name, created_at, updated_at, parent_id) VALUES (50, 2, 'brian_benson', 'character', 'Brian Benson', '2026-04-12 19:06:38', '2026-04-12 22:12:37', NULL);
INSERT INTO entities (id, project_id, slug, type, display_name, created_at, updated_at, parent_id) VALUES (51, 2, 'iggy_flint', 'character', 'Iggy Flint', '2026-04-12 19:17:49', '2026-04-12 19:18:08', NULL);
INSERT INTO entities (id, project_id, slug, type, display_name, created_at, updated_at, parent_id) VALUES (56, 2, 'blotto_bag', 'item', 'Blotto Bag', '2026-04-12 19:22:09', '2026-04-12 23:30:46', NULL);
INSERT INTO entities (id, project_id, slug, type, display_name, created_at, updated_at, parent_id) VALUES (57, 2, 'scallie', 'character', 'scallie', '2026-04-12 19:28:43', '2026-04-12 21:26:19', NULL);
INSERT INTO entities (id, project_id, slug, type, display_name, created_at, updated_at, parent_id) VALUES (58, 2, 'tins', 'item', 'Tins', '2026-04-12 19:29:03', '2026-04-12 23:35:00', NULL);
INSERT INTO entities (id, project_id, slug, type, display_name, created_at, updated_at, parent_id) VALUES (59, 2, 'corner_shop', 'location', 'Corner Shop', '2026-04-12 19:29:35', '2026-04-18 14:40:07', NULL);
INSERT INTO entities (id, project_id, slug, type, display_name, created_at, updated_at, parent_id) VALUES (62, 2, 'ospikal', 'location', 'ospikal', '2026-04-12 19:31:49', '2026-04-18 14:40:07', NULL);
INSERT INTO entities (id, project_id, slug, type, display_name, created_at, updated_at, parent_id) VALUES (63, 2, 'nurse_marie', 'character', 'Nurse Marie', '2026-04-12 19:32:17', '2026-04-12 20:30:11', NULL);
INSERT INTO entities (id, project_id, slug, type, display_name, created_at, updated_at, parent_id) VALUES (64, 2, 'wine', 'item', 'Wine', '2026-04-12 19:32:40', '2026-04-12 23:36:03', NULL);
INSERT INTO entities (id, project_id, slug, type, display_name, created_at, updated_at, parent_id) VALUES (65, 2, 'meat_themed_polymer_snacks', 'item', 'Meat-themed polymer snacks', '2026-04-12 19:34:52', '2026-04-12 20:23:41', NULL);
INSERT INTO entities (id, project_id, slug, type, display_name, created_at, updated_at, parent_id) VALUES (76, 2, 'quantity_street', 'location', 'Quantity Street', '2026-04-12 23:08:27', '2026-04-18 14:40:07', NULL);
INSERT INTO entities (id, project_id, slug, type, display_name, created_at, updated_at, parent_id) VALUES (100, 2, 'street_corner', 'location', 'Street Corner', '2026-04-12 23:20:40', '2026-04-18 14:40:07', NULL);
INSERT INTO entities (id, project_id, slug, type, display_name, created_at, updated_at, parent_id) VALUES (103, 2, 'nurse_melinda', 'character', 'Nurse Melinda', '2026-04-13 01:17:52', '2026-04-13 01:17:52', NULL);
INSERT INTO entities (id, project_id, slug, type, display_name, created_at, updated_at, parent_id) VALUES (104, 2, 'sholver_conversation_test', 'conversation', 'Sholver Conversation Test', '2026-04-13 02:01:37', '2026-04-14 01:28:36', 39);
INSERT INTO entities (id, project_id, slug, type, display_name, created_at, updated_at, parent_id) VALUES (106, 2, 'bus', 'location', 'Bus', '2026-04-13 21:21:33', '2026-04-18 14:40:07', NULL);
INSERT INTO entities (id, project_id, slug, type, display_name, created_at, updated_at, parent_id) VALUES (107, 2, 'town_centre', 'location', 'Town Centre', '2026-04-13 21:22:01', '2026-04-18 14:40:07', NULL);
INSERT INTO entities (id, project_id, slug, type, display_name, created_at, updated_at, parent_id) VALUES (108, 2, 'hugyababes', 'location', 'Hugyababes', '2026-04-13 21:22:25', '2026-04-18 14:39:10', NULL);
INSERT INTO entities (id, project_id, slug, type, display_name, created_at, updated_at, parent_id) VALUES (109, 2, 'russell_rover', 'character', 'Russell Rover', '2026-04-13 21:37:42', '2026-04-13 22:13:24', NULL);
INSERT INTO entities (id, project_id, slug, type, display_name, created_at, updated_at, parent_id) VALUES (110, 2, 'fairground', 'location', 'Fairground', '2026-04-13 22:16:17', '2026-04-18 14:40:07', NULL);
INSERT INTO entities (id, project_id, slug, type, display_name, created_at, updated_at, parent_id) VALUES (111, 2, 'urchin', 'character', 'Urchin', '2026-04-13 22:22:02', '2026-04-13 22:22:02', NULL);
INSERT INTO entities (id, project_id, slug, type, display_name, created_at, updated_at, parent_id) VALUES (112, 2, 'psychiche_tente', 'location', 'Psychiche Tente', '2026-04-13 22:22:14', '2026-04-13 22:55:16', NULL);
INSERT INTO entities (id, project_id, slug, type, display_name, created_at, updated_at, parent_id) VALUES (116, 2, 'dentist_s_office', 'location', 'Dentist''s Office', '2026-04-13 22:25:02', '2026-04-18 14:40:07', NULL);
INSERT INTO entities (id, project_id, slug, type, display_name, created_at, updated_at, parent_id) VALUES (117, 2, 'the_pub', 'location', 'The Pub', '2026-04-13 22:25:09', '2026-04-18 14:40:07', NULL);
INSERT INTO entities (id, project_id, slug, type, display_name, created_at, updated_at, parent_id) VALUES (118, 2, 'racecourse', 'location', 'Racecourse', '2026-04-13 22:25:16', '2026-04-18 14:40:07', NULL);
INSERT INTO entities (id, project_id, slug, type, display_name, created_at, updated_at, parent_id) VALUES (119, 2, 'spock_s', 'location', 'Spock''s', '2026-04-13 22:25:45', '2026-04-18 14:40:07', NULL);
INSERT INTO entities (id, project_id, slug, type, display_name, created_at, updated_at, parent_id) VALUES (120, 2, 'bookies', 'location', 'Bookies', '2026-04-13 22:29:26', '2026-04-18 14:40:07', NULL);
INSERT INTO entities (id, project_id, slug, type, display_name, created_at, updated_at, parent_id) VALUES (126, 2, 'underbelly', 'location', 'Underbelly', '2026-04-13 22:33:24', '2026-04-18 14:40:07', NULL);
INSERT INTO entities (id, project_id, slug, type, display_name, created_at, updated_at, parent_id) VALUES (127, 2, 'working_men_s_labour_club_for_productive_chaps', 'location', 'Working Men''s Labour Club For Productive Chaps', '2026-04-13 22:56:03', '2026-04-18 14:40:07', NULL);
INSERT INTO entities (id, project_id, slug, type, display_name, created_at, updated_at, parent_id) VALUES (128, 2, 'town_hall', 'location', 'Town Hall', '2026-04-13 22:58:14', '2026-04-18 14:40:07', NULL);
INSERT INTO entities (id, project_id, slug, type, display_name, created_at, updated_at, parent_id) VALUES (129, 2, 'mayor_s_office', 'location', 'Mayor''s Office', '2026-04-13 22:58:20', '2026-04-18 14:40:07', NULL);
INSERT INTO entities (id, project_id, slug, type, display_name, created_at, updated_at, parent_id) VALUES (133, 2, 'jontree_hill', 'location', 'Jontree Hill', '2026-04-13 23:30:08', '2026-04-13 23:31:37', NULL);
SELECT setval('entities_id_seq', 133);

-- entity_refs
INSERT INTO entity_refs (src_entity_id, dst_entity_id, occurrences) VALUES (1, 1, 1);
INSERT INTO entity_refs (src_entity_id, dst_entity_id, occurrences) VALUES (25, 18, 1);
INSERT INTO entity_refs (src_entity_id, dst_entity_id, occurrences) VALUES (25, 27, 1);
INSERT INTO entity_refs (src_entity_id, dst_entity_id, occurrences) VALUES (17, 32, 1);
INSERT INTO entity_refs (src_entity_id, dst_entity_id, occurrences) VALUES (17, 33, 2);
INSERT INTO entity_refs (src_entity_id, dst_entity_id, occurrences) VALUES (17, 37, 1);
INSERT INTO entity_refs (src_entity_id, dst_entity_id, occurrences) VALUES (17, 76, 1);
INSERT INTO entity_refs (src_entity_id, dst_entity_id, occurrences) VALUES (17, 59, 3);
INSERT INTO entity_refs (src_entity_id, dst_entity_id, occurrences) VALUES (17, 62, 1);
INSERT INTO entity_refs (src_entity_id, dst_entity_id, occurrences) VALUES (17, 18, 6);
INSERT INTO entity_refs (src_entity_id, dst_entity_id, occurrences) VALUES (17, 27, 2);
INSERT INTO entity_refs (src_entity_id, dst_entity_id, occurrences) VALUES (17, 36, 3);
INSERT INTO entity_refs (src_entity_id, dst_entity_id, occurrences) VALUES (17, 39, 1);
INSERT INTO entity_refs (src_entity_id, dst_entity_id, occurrences) VALUES (17, 38, 1);
INSERT INTO entity_refs (src_entity_id, dst_entity_id, occurrences) VALUES (17, 57, 2);
INSERT INTO entity_refs (src_entity_id, dst_entity_id, occurrences) VALUES (17, 50, 3);
INSERT INTO entity_refs (src_entity_id, dst_entity_id, occurrences) VALUES (17, 63, 1);
INSERT INTO entity_refs (src_entity_id, dst_entity_id, occurrences) VALUES (17, 103, 1);
INSERT INTO entity_refs (src_entity_id, dst_entity_id, occurrences) VALUES (17, 46, 1);
INSERT INTO entity_refs (src_entity_id, dst_entity_id, occurrences) VALUES (17, 43, 1);
INSERT INTO entity_refs (src_entity_id, dst_entity_id, occurrences) VALUES (17, 44, 1);
INSERT INTO entity_refs (src_entity_id, dst_entity_id, occurrences) VALUES (17, 56, 1);
INSERT INTO entity_refs (src_entity_id, dst_entity_id, occurrences) VALUES (17, 58, 1);
INSERT INTO entity_refs (src_entity_id, dst_entity_id, occurrences) VALUES (17, 64, 1);
INSERT INTO entity_refs (src_entity_id, dst_entity_id, occurrences) VALUES (17, 65, 1);
INSERT INTO entity_refs (src_entity_id, dst_entity_id, occurrences) VALUES (15, 18, 6);
INSERT INTO entity_refs (src_entity_id, dst_entity_id, occurrences) VALUES (15, 27, 1);
INSERT INTO entity_refs (src_entity_id, dst_entity_id, occurrences) VALUES (15, 17, 1);
INSERT INTO entity_refs (src_entity_id, dst_entity_id, occurrences) VALUES (15, 22, 1);
INSERT INTO entity_refs (src_entity_id, dst_entity_id, occurrences) VALUES (15, 23, 1);
INSERT INTO entity_refs (src_entity_id, dst_entity_id, occurrences) VALUES (15, 24, 1);
INSERT INTO entity_refs (src_entity_id, dst_entity_id, occurrences) VALUES (15, 25, 1);
INSERT INTO entity_refs (src_entity_id, dst_entity_id, occurrences) VALUES (22, 106, 1);
INSERT INTO entity_refs (src_entity_id, dst_entity_id, occurrences) VALUES (22, 107, 1);
INSERT INTO entity_refs (src_entity_id, dst_entity_id, occurrences) VALUES (22, 108, 1);
INSERT INTO entity_refs (src_entity_id, dst_entity_id, occurrences) VALUES (22, 110, 1);
INSERT INTO entity_refs (src_entity_id, dst_entity_id, occurrences) VALUES (22, 112, 1);
INSERT INTO entity_refs (src_entity_id, dst_entity_id, occurrences) VALUES (22, 18, 4);
INSERT INTO entity_refs (src_entity_id, dst_entity_id, occurrences) VALUES (22, 109, 1);
INSERT INTO entity_refs (src_entity_id, dst_entity_id, occurrences) VALUES (22, 111, 1);
INSERT INTO entity_refs (src_entity_id, dst_entity_id, occurrences) VALUES (23, 126, 1);
INSERT INTO entity_refs (src_entity_id, dst_entity_id, occurrences) VALUES (23, 120, 1);
INSERT INTO entity_refs (src_entity_id, dst_entity_id, occurrences) VALUES (23, 116, 1);
INSERT INTO entity_refs (src_entity_id, dst_entity_id, occurrences) VALUES (23, 117, 1);
INSERT INTO entity_refs (src_entity_id, dst_entity_id, occurrences) VALUES (23, 118, 1);
INSERT INTO entity_refs (src_entity_id, dst_entity_id, occurrences) VALUES (23, 119, 1);
INSERT INTO entity_refs (src_entity_id, dst_entity_id, occurrences) VALUES (23, 18, 1);
INSERT INTO entity_refs (src_entity_id, dst_entity_id, occurrences) VALUES (24, 133, 1);
INSERT INTO entity_refs (src_entity_id, dst_entity_id, occurrences) VALUES (24, 127, 1);
INSERT INTO entity_refs (src_entity_id, dst_entity_id, occurrences) VALUES (24, 128, 1);
INSERT INTO entity_refs (src_entity_id, dst_entity_id, occurrences) VALUES (24, 129, 1);
INSERT INTO entity_refs (src_entity_id, dst_entity_id, occurrences) VALUES (24, 18, 1);
INSERT INTO entity_refs (src_entity_id, dst_entity_id, occurrences) VALUES (104, 39, 1);
INSERT INTO entity_refs (src_entity_id, dst_entity_id, occurrences) VALUES (104, 18, 1);
INSERT INTO entity_refs (src_entity_id, dst_entity_id, occurrences) VALUES (104, 49, 1);
INSERT INTO entity_refs (src_entity_id, dst_entity_id, occurrences) VALUES (104, 57, 1);
INSERT INTO entity_refs (src_entity_id, dst_entity_id, occurrences) VALUES (104, 51, 1);

-- tags
INSERT INTO tags (id, project_id, name) VALUES (1, 6, 'protagonist');
SELECT setval('tags_id_seq', 1);

-- entity_tags

-- assets
INSERT INTO assets (id, project_id, rel_path, mime, bytes, sha256, source, created_at) VALUES (1, 6, 'assets/test.png', 'image/png', 14, 'b93399d9bccc8b60e45592cb44d609eb3bb2ee4c70f9e2dd072a5835c754829d', 'uploaded', '2026-04-11 17:12:20');
INSERT INTO assets (id, project_id, rel_path, mime, bytes, sha256, source, created_at) VALUES (2, 2, 'assets/sholver_generated_20260412_181657.jpg', 'image/jpeg', 329439, '0fa437faf97ac80072c1ce73180aa34831576f9a4de378e1df649ab092f9de4d', 'generated', '2026-04-12 18:16:57');
INSERT INTO assets (id, project_id, rel_path, mime, bytes, sha256, source, created_at) VALUES (3, 2, 'assets/sholver_s_mum_generated_20260412_183736.jpg', 'image/jpeg', 209599, 'a9495cca71774c666b1557b3c1b93c5484d59ff7ae8d9c6f356c934120baa63d', 'generated', '2026-04-12 18:37:36');
INSERT INTO assets (id, project_id, rel_path, mime, bytes, sha256, source, created_at) VALUES (4, 2, 'assets/sholver_s_mum_generated_20260412_183848.jpg', 'image/jpeg', 231898, '0011f9d127c14fd77791c453e267337d13330077f25f57c049c5745cc88da591', 'generated', '2026-04-12 18:38:48');
INSERT INTO assets (id, project_id, rel_path, mime, bytes, sha256, source, created_at) VALUES (5, 2, 'assets/sholver_s_mum_generated_20260412_184014.jpg', 'image/jpeg', 189375, '83fc1f1ae2b889d64731fddf12f5589ce458bb5fc86a5f3f91fffe004b6caacf', 'generated', '2026-04-12 18:40:14');
INSERT INTO assets (id, project_id, rel_path, mime, bytes, sha256, source, created_at) VALUES (6, 2, 'assets/sholver_s_mum_generated_20260412_184322.jpg', 'image/jpeg', 240773, '52e7af0012bb03f88aa9ba73861445f3c94da2559c7b958e3cef18425fcd0f02', 'generated', '2026-04-12 18:43:22');
INSERT INTO assets (id, project_id, rel_path, mime, bytes, sha256, source, created_at) VALUES (7, 2, 'assets/sholver_s_mum_generated_20260412_184419.jpg', 'image/jpeg', 230351, 'c5a6b156455d8be0c8b60349a6db0e5f628ce8221feb271c07b6a3de1b98f844', 'generated', '2026-04-12 18:44:19');
INSERT INTO assets (id, project_id, rel_path, mime, bytes, sha256, source, created_at) VALUES (8, 2, 'assets/sholver_s_mum_generated_20260412_184532.jpg', 'image/jpeg', 211830, '35759d61b81c8b489227bd3441c81b3eee5f867b9449bac17dbfb9516aac8956', 'generated', '2026-04-12 18:45:32');
INSERT INTO assets (id, project_id, rel_path, mime, bytes, sha256, source, created_at) VALUES (9, 2, 'assets/canal_generated_20260412_201309.jpg', 'image/jpeg', 426127, '4ab4680df22e05b8c2971ecea424d97fbb869ab454180fad1696b02aff0a63d9', 'generated', '2026-04-12 20:13:09');
INSERT INTO assets (id, project_id, rel_path, mime, bytes, sha256, source, created_at) VALUES (10, 2, 'assets/corner_shop_generated_20260412_201511.jpg', 'image/jpeg', 362604, '4922aa08b21f4cd5e1733e2d17e03ac3fa5ededcc92fc22e690cb0d1cf662c50', 'generated', '2026-04-12 20:15:11');
INSERT INTO assets (id, project_id, rel_path, mime, bytes, sha256, source, created_at) VALUES (11, 2, 'assets/ospikal_generated_20260412_201824.jpg', 'image/jpeg', 439258, 'bc3cd9786367ca5cca736f44b474a2a516549be56d7d1129ba3ecc9b0755aca5', 'generated', '2026-04-12 20:18:24');
INSERT INTO assets (id, project_id, rel_path, mime, bytes, sha256, source, created_at) VALUES (12, 2, 'assets/sholver_s_mum_s_house_s_garden_generated_20260412_202109.jpg', 'image/jpeg', 403984, 'b949fbeb5b65d70731cdd2547e069801642da48dab932218a19c3d0ddaef5b83', 'generated', '2026-04-12 20:21:09');
INSERT INTO assets (id, project_id, rel_path, mime, bytes, sha256, source, created_at) VALUES (13, 2, 'assets/meat_themed_polymer_snacks_generated_20260412_202351.jpg', 'image/jpeg', 100464, 'b6c5c85dd18a0626ee89da1ddb3d1f63cb5c34ce13b08b8249742eb7ff463d6c', 'generated', '2026-04-12 20:23:51');
INSERT INTO assets (id, project_id, rel_path, mime, bytes, sha256, source, created_at) VALUES (14, 2, 'assets/brian_benson_generated_20260412_202659.jpg', 'image/jpeg', 187459, '0427ff486b0ad9e246365158e678436f82af25848c4c0f9438c07365d7c12156', 'generated', '2026-04-12 20:26:59');
INSERT INTO assets (id, project_id, rel_path, mime, bytes, sha256, source, created_at) VALUES (15, 2, 'assets/corner_shopkeeper_generated_20260412_202732.jpg', 'image/jpeg', 186867, '232b7f58799c536e1aa7d7ffeaa5dc54145449663c5503d78420df34b9d37277', 'generated', '2026-04-12 20:27:32');
INSERT INTO assets (id, project_id, rel_path, mime, bytes, sha256, source, created_at) VALUES (16, 2, 'assets/ferret_generated_20260412_202756.jpg', 'image/jpeg', 170719, 'e7bce94456ddc47ab03d160255418e52ee33e05c84d1a750e3ecc11114d4689d', 'generated', '2026-04-12 20:27:56');
INSERT INTO assets (id, project_id, rel_path, mime, bytes, sha256, source, created_at) VALUES (17, 2, 'assets/nurse_generated_20260412_203023.jpg', 'image/jpeg', 206545, '998001a0982333baa0357ef69d4251005ad8a857ce164809f9ecbc41d9f0bb6b', 'generated', '2026-04-12 20:30:23');
INSERT INTO assets (id, project_id, rel_path, mime, bytes, sha256, source, created_at) VALUES (18, 2, 'assets/scallie_generated_20260412_212556.jpg', 'image/jpeg', 182018, '26f2dc4f56266fd2c4da10d376b66ab182eff57d9e68b5363b12b14bbb3cbf90', 'generated', '2026-04-12 21:25:56');
INSERT INTO assets (id, project_id, rel_path, mime, bytes, sha256, source, created_at) VALUES (19, 2, 'assets/scallie_generated_20260412_212624.jpg', 'image/jpeg', 201673, '775b3d2e16f9c93cd21f68c42a86d700781bdce09f52c4d60f85075c432d5436', 'generated', '2026-04-12 21:26:24');
INSERT INTO assets (id, project_id, rel_path, mime, bytes, sha256, source, created_at) VALUES (20, 2, 'assets/quantity_street_generated_20260412_231816.jpg', 'image/jpeg', 463712, 'ac9a331c612dc1c7170a16ce6de6c6b1ed89f15b8d50822d8cac17bf6b190378', 'generated', '2026-04-12 23:18:16');
INSERT INTO assets (id, project_id, rel_path, mime, bytes, sha256, source, created_at) VALUES (21, 2, 'assets/street_corner_generated_20260412_232215.jpg', 'image/jpeg', 378655, '8c8839393ca3c74bab37aec1ab42d0893b39572220b20af1ba7984416988c34f', 'generated', '2026-04-12 23:22:15');
INSERT INTO assets (id, project_id, rel_path, mime, bytes, sha256, source, created_at) VALUES (22, 2, 'assets/sholver_s_mum_s_house_s_kitchen_generated_20260412_232722.jpg', 'image/jpeg', 439975, '3e4f17935d52b8d37464954fe6a8964a3cb8b4593c8309bdf2339102faa96a0c', 'generated', '2026-04-12 23:27:22');
INSERT INTO assets (id, project_id, rel_path, mime, bytes, sha256, source, created_at) VALUES (23, 2, 'assets/blotto_bag_generated_20260412_233052.jpg', 'image/jpeg', 128926, 'e4ff1995d6cb1ee89bbc0f82e403aa30ac39c13a082d4c43c892c4cb8b3d9259', 'generated', '2026-04-12 23:30:52');
INSERT INTO assets (id, project_id, rel_path, mime, bytes, sha256, source, created_at) VALUES (24, 2, 'assets/fashionable_jeans_generated_20260412_233132.jpg', 'image/jpeg', 117800, '59b0d12490448eab51e3138e81d9542d6d0ece13a49ca1c8eba8b2c3bf662e65', 'generated', '2026-04-12 23:31:32');
INSERT INTO assets (id, project_id, rel_path, mime, bytes, sha256, source, created_at) VALUES (25, 2, 'assets/loose_change_generated_20260412_233222.jpg', 'image/jpeg', 108161, 'c34ab6cd5c87c62e71d7ad911d3fb77a7e388af660f9920aeb699bcd9f5fd08a', 'generated', '2026-04-12 23:32:22');
INSERT INTO assets (id, project_id, rel_path, mime, bytes, sha256, source, created_at) VALUES (26, 2, 'assets/plumbing_equipment_generated_20260412_233338.jpg', 'image/jpeg', 219278, 'd5006f605cf18f58eb7daf39bfda5e98db4e4404821e19ff8ccc66d635359727', 'generated', '2026-04-12 23:33:38');
INSERT INTO assets (id, project_id, rel_path, mime, bytes, sha256, source, created_at) VALUES (27, 2, 'assets/tins_generated_20260412_233505.jpg', 'image/jpeg', 128644, 'c9b2cf9e7491ed00dfd7e12b9b155b9a91308c691fc3c81c059524bf4326e04c', 'generated', '2026-04-12 23:35:05');
INSERT INTO assets (id, project_id, rel_path, mime, bytes, sha256, source, created_at) VALUES (28, 2, 'assets/wine_generated_20260412_233613.jpg', 'image/jpeg', 101173, '2bb367056862c7055521dbffbaa6e2f4656c4946022e8559ed90ad82d05e5865', 'generated', '2026-04-12 23:36:13');
INSERT INTO assets (id, project_id, rel_path, mime, bytes, sha256, source, created_at) VALUES (29, 2, 'assets/voice_sholver_conversation_test_greet_001_0_38c48d4e.wav', 'audio/wav', 222252, '38c48d4eb6cb291ff5398d62feee65bf38b1f823b2a101d189877c3a4ec0a4f3', 'uploaded', '2026-04-13 14:35:21');
INSERT INTO assets (id, project_id, rel_path, mime, bytes, sha256, source, created_at) VALUES (30, 2, 'assets/voice_sholver_conversation_test_greet_001_0_4c7f46b9.wav', 'audio/wav', 234540, '4c7f46b91d0ac63a154fb1c70948ca51b4d94cbe25e91cd63b901c464fdb7617', 'uploaded', '2026-04-13 14:36:13');
INSERT INTO assets (id, project_id, rel_path, mime, bytes, sha256, source, created_at) VALUES (31, 2, 'assets/voice_sholver_conversation_test_greet_001_0_36c4d517.wav', 'audio/wav', 162860, '36c4d517d124b5b0b21da7432f78f56075be3ef3ed2ede6c975cfbaa0f97a19a', 'uploaded', '2026-04-13 14:50:03');
INSERT INTO assets (id, project_id, rel_path, mime, bytes, sha256, source, created_at) VALUES (32, 2, 'assets/voice_sholver_conversation_test_greet_001_0_09acfe37.wav', 'audio/wav', 187436, '09acfe37af0235b82d44778c48c9de5704344316399e0fa9716e1c18b4f6f935', 'uploaded', '2026-04-13 14:53:14');
INSERT INTO assets (id, project_id, rel_path, mime, bytes, sha256, source, created_at) VALUES (33, 2, 'assets/voice_sholver_conversation_test_greet_001_1_1f505f11.wav', 'audio/wav', 230444, '1f505f114898eb6f29bbc88418da8666be21cf857bf219722fac0c8f7938180f', 'uploaded', '2026-04-13 15:34:47');
INSERT INTO assets (id, project_id, rel_path, mime, bytes, sha256, source, created_at) VALUES (34, 2, 'assets/voice_sholver_conversation_test_greet_001_2_3febcbd9.wav', 'audio/wav', 192044, '3febcbd93fd2ddbfedc024ecfb9bd1bbc3e820214ffddc119283a64587a64f4c', 'uploaded', '2026-04-13 17:47:41');
INSERT INTO assets (id, project_id, rel_path, mime, bytes, sha256, source, created_at) VALUES (35, 2, 'assets/voice_sholver_conversation_test_greet_001_2_6e0e4fa8.wav', 'audio/wav', 138284, '6e0e4fa86d4824b4e945279dff618527e6c50d358916d8cf7a7752e4f366cd8e', 'uploaded', '2026-04-13 17:51:03');
INSERT INTO assets (id, project_id, rel_path, mime, bytes, sha256, source, created_at) VALUES (36, 2, 'assets/voice_sholver_conversation_test_greet_001_2_1613d116.wav', 'audio/wav', 138284, '1613d116b5b2bad4010fbef0d7e4c07cb2e43e1227d88f3ccbdd4d8d145c89a8', 'uploaded', '2026-04-13 17:53:51');
INSERT INTO assets (id, project_id, rel_path, mime, bytes, sha256, source, created_at) VALUES (37, 2, 'assets/voice_sholver_conversation_test_greet_001_3_80e96532.wav', 'audio/wav', 253484, '80e96532420f1159c1dfe4837d1631374ba9e02c9d1dcb3e8db430c49cb969d6', 'uploaded', '2026-04-13 17:56:05');
INSERT INTO assets (id, project_id, rel_path, mime, bytes, sha256, source, created_at) VALUES (38, 2, 'assets/voice_sholver_conversation_test_greet_001_2_3b7f8ab8.wav', 'audio/wav', 126764, '3b7f8ab8ff42587c15104ba6f9a4f0432bb09ddd514e5f8aca53913acfc0d8c9', 'uploaded', '2026-04-13 18:07:09');
INSERT INTO assets (id, project_id, rel_path, mime, bytes, sha256, source, created_at) VALUES (39, 2, 'assets/voice_sholver_conversation_test_greet_001_3_a90b8d12.wav', 'audio/wav', 188204, 'a90b8d129ffa2faeacb4e7632162f68d1d3365f5f914391e0e76d8d5deeb7481', 'uploaded', '2026-04-13 18:07:24');
INSERT INTO assets (id, project_id, rel_path, mime, bytes, sha256, source, created_at) VALUES (40, 2, 'assets/voice_sholver_conversation_test_greet_001_2_e9d13f41.wav', 'audio/wav', 142124, 'e9d13f4160e1cc544d5e01161182f9d7da49dc1c7f87936e1f617e3421254e77', 'uploaded', '2026-04-13 18:08:41');
INSERT INTO assets (id, project_id, rel_path, mime, bytes, sha256, source, created_at) VALUES (41, 2, 'assets/voice_sholver_conversation_test_greet_001_3_1a8961d9.wav', 'audio/wav', 142124, '1a8961d9339e88bb9beaa06b2f27673b1a0b98c0b996c9e015bec5e256ef4ea6', 'uploaded', '2026-04-13 18:08:59');
INSERT INTO assets (id, project_id, rel_path, mime, bytes, sha256, source, created_at) VALUES (42, 2, 'assets/bus_generated_20260413_212742.jpg', 'image/jpeg', 334381, 'eef4dd7a2a155eae60222fda55d1113b0715ee64f2078f224c1423f6b7657431', 'generated', '2026-04-13 21:27:42');
INSERT INTO assets (id, project_id, rel_path, mime, bytes, sha256, source, created_at) VALUES (43, 2, 'assets/bus_generated_20260413_212835.jpg', 'image/jpeg', 407499, 'd907d9b46bcd1f9d40e7bf3eb2e5707cfe2d41d6035cd4d82c334cfc412a74b8', 'generated', '2026-04-13 21:28:35');
INSERT INTO assets (id, project_id, rel_path, mime, bytes, sha256, source, created_at) VALUES (44, 2, 'assets/town_centre_generated_20260413_213048.jpg', 'image/jpeg', 482903, '4582f0efdd862a68ea9e68460812e5e922e1e432d99fcf882f46d02b59a94d75', 'generated', '2026-04-13 21:30:48');
INSERT INTO assets (id, project_id, rel_path, mime, bytes, sha256, source, created_at) VALUES (45, 2, 'assets/town_centre_generated_20260413_213119.jpg', 'image/jpeg', 422912, '39db69ad1df3e3ea780ca14f33a9723db9db5f4ac83833e0a9f289ec1cdbf280', 'generated', '2026-04-13 21:31:19');
INSERT INTO assets (id, project_id, rel_path, mime, bytes, sha256, source, created_at) VALUES (46, 2, 'assets/town_centre_generated_20260413_213217.jpg', 'image/jpeg', 496638, '43f54c6ecc1eb38d229b570c5d472815997b3b66302ca7e0cc236b43c0e569c9', 'generated', '2026-04-13 21:32:17');
INSERT INTO assets (id, project_id, rel_path, mime, bytes, sha256, source, created_at) VALUES (47, 2, 'assets/hugyababes_generated_20260413_213527.jpg', 'image/jpeg', 512749, 'c47bb130a61f1067829e83f729a311da4c92b6a27eaa0fc19bce3d69feb96275', 'generated', '2026-04-13 21:35:27');
INSERT INTO assets (id, project_id, rel_path, mime, bytes, sha256, source, created_at) VALUES (48, 2, 'assets/hugyababes_generated_20260413_213600.jpg', 'image/jpeg', 433709, '0e5c34679e5ce581c2de8e72348673ee8040c89bbaf26bc60119c413eb843a98', 'generated', '2026-04-13 21:36:00');
INSERT INTO assets (id, project_id, rel_path, mime, bytes, sha256, source, created_at) VALUES (49, 2, 'assets/hugyababes_generated_20260413_213719.jpg', 'image/jpeg', 441564, '1d6fcd452cafd17b67f30e0d57a010549c7a91b8ce21924f0d11f6ffa7f4c7c4', 'generated', '2026-04-13 21:37:19');
INSERT INTO assets (id, project_id, rel_path, mime, bytes, sha256, source, created_at) VALUES (50, 2, 'assets/russell_rover_generated_20260413_221314.jpg', 'image/jpeg', 191644, '2ecb89a209959fe9ba82f434a50749a37a0d55f03a9b9cac6b4a7e9d3a56b57f', 'generated', '2026-04-13 22:13:14');
INSERT INTO assets (id, project_id, rel_path, mime, bytes, sha256, source, created_at) VALUES (51, 2, 'assets/russell_rover_generated_20260413_221335.jpg', 'image/jpeg', 179437, 'df144579d6cf7c8527e1c8852550ea23c8560fa6091eca2cbc5523e700826e08', 'generated', '2026-04-13 22:13:35');
INSERT INTO assets (id, project_id, rel_path, mime, bytes, sha256, source, created_at) VALUES (52, 2, 'assets/fairground_generated_20260413_221830.jpg', 'image/jpeg', 372721, 'c7eb89aa90fa715d73a33486e31723d9266f03d245a70673d3b422498b70f3ac', 'generated', '2026-04-13 22:18:30');
INSERT INTO assets (id, project_id, rel_path, mime, bytes, sha256, source, created_at) VALUES (53, 2, 'assets/fairground_generated_20260413_221934.jpg', 'image/jpeg', 425592, '1819f84de6a9651f783a7e19e23b98a4d52965af6ed72af0305d49b6b131ab9b', 'generated', '2026-04-13 22:19:34');
INSERT INTO assets (id, project_id, rel_path, mime, bytes, sha256, source, created_at) VALUES (54, 2, 'assets/bookies_generated_20260413_223023.jpg', 'image/jpeg', 396062, '78a3c9c8db9f14c590193043bdd226de159d6448b5c019973b8cc41c126f0df0', 'generated', '2026-04-13 22:30:23');
INSERT INTO assets (id, project_id, rel_path, mime, bytes, sha256, source, created_at) VALUES (55, 2, 'assets/bookies_generated_20260413_223132.jpg', 'image/jpeg', 359520, '63b9cf707c049f4dcd720be326b0117b34ab7a68a2f6a5d9f8575b7141d93d96', 'generated', '2026-04-13 22:31:32');
INSERT INTO assets (id, project_id, rel_path, mime, bytes, sha256, source, created_at) VALUES (56, 2, 'assets/bookies_generated_20260413_223228.jpg', 'image/jpeg', 412109, 'e76388900ba262a52a61f5f4dba24831f53bc18fa5aba331c15725bc94e585c3', 'generated', '2026-04-13 22:32:28');
INSERT INTO assets (id, project_id, rel_path, mime, bytes, sha256, source, created_at) VALUES (57, 2, 'assets/underbelly_generated_20260413_223439.jpg', 'image/jpeg', 453718, 'f8fe3139d0d899d610032c1704b4921b7b175bea70f4257a8b6a2a791e5d94fb', 'generated', '2026-04-13 22:34:39');
INSERT INTO assets (id, project_id, rel_path, mime, bytes, sha256, source, created_at) VALUES (58, 2, 'assets/dentist_s_office_generated_20260413_224004.jpg', 'image/jpeg', 416574, '9d20035712ba55d60e358961cf4c963ff582593fd9ea47d35883fe015bc8fbfa', 'generated', '2026-04-13 22:40:04');
INSERT INTO assets (id, project_id, rel_path, mime, bytes, sha256, source, created_at) VALUES (59, 2, 'assets/spock_s_generated_20260413_224428.jpg', 'image/jpeg', 417464, '4e93894d427ad6db2fb53e51a89731f16574e80a4d20f9b110de2c097e0ac714', 'generated', '2026-04-13 22:44:28');
INSERT INTO assets (id, project_id, rel_path, mime, bytes, sha256, source, created_at) VALUES (60, 2, 'assets/racecourse_generated_20260413_224758.jpg', 'image/jpeg', 421354, 'e07ed7ec53b04b81305da3bc9b9083aafb6a6de38b5d8896b2fe05b3da8de9ae', 'generated', '2026-04-13 22:47:58');
INSERT INTO assets (id, project_id, rel_path, mime, bytes, sha256, source, created_at) VALUES (61, 2, 'assets/the_pub_generated_20260413_225334.jpg', 'image/jpeg', 314381, '33986cb1687c7a3df381ebc00bd6804ba67c8efc9e7a219928eb86b59bfa0efd', 'generated', '2026-04-13 22:53:34');
INSERT INTO assets (id, project_id, rel_path, mime, bytes, sha256, source, created_at) VALUES (62, 2, 'assets/the_pub_generated_20260413_225405.jpg', 'image/jpeg', 391401, 'f0e5fbd8274e753fad32e3ed3d05393b220b02b1845b1359ace81b65d8768aaa', 'generated', '2026-04-13 22:54:05');
INSERT INTO assets (id, project_id, rel_path, mime, bytes, sha256, source, created_at) VALUES (63, 2, 'assets/working_men_s_labour_club_for_productive_chaps_generated_20260413_225745.jpg', 'image/jpeg', 396677, 'bf4c7b14234bcbb3b94414f82b17ba34a6588f9a42b4490a7d1dd532f952f61c', 'generated', '2026-04-13 22:57:45');
INSERT INTO assets (id, project_id, rel_path, mime, bytes, sha256, source, created_at) VALUES (64, 2, 'assets/mayor_s_office_generated_20260413_225914.jpg', 'image/jpeg', 372438, '93259c0a12a76e1cc5474f6245620bd8606ebf0c9916c0e1310980319ff36a1f', 'generated', '2026-04-13 22:59:14');
INSERT INTO assets (id, project_id, rel_path, mime, bytes, sha256, source, created_at) VALUES (65, 2, 'assets/town_hall_generated_20260413_230051.jpg', 'image/jpeg', 381095, '3d3b30f0eef37720093af0aa7728845cc6fa9340337a70406d29382580ef2525', 'generated', '2026-04-13 23:00:51');
SELECT setval('assets_id_seq', 65);

-- asset_entities
INSERT INTO asset_entities (asset_id, entity_id, role) VALUES (1, 5, 'sprite');
INSERT INTO asset_entities (asset_id, entity_id, role) VALUES (2, 39, 'portrait');
INSERT INTO asset_entities (asset_id, entity_id, role) VALUES (8, 18, 'portrait');
INSERT INTO asset_entities (asset_id, entity_id, role) VALUES (9, 33, 'generated');
INSERT INTO asset_entities (asset_id, entity_id, role) VALUES (10, 59, 'generated');
INSERT INTO asset_entities (asset_id, entity_id, role) VALUES (11, 62, 'generated');
INSERT INTO asset_entities (asset_id, entity_id, role) VALUES (12, 32, 'generated');
INSERT INTO asset_entities (asset_id, entity_id, role) VALUES (13, 65, 'generated');
INSERT INTO asset_entities (asset_id, entity_id, role) VALUES (14, 50, 'portrait');
INSERT INTO asset_entities (asset_id, entity_id, role) VALUES (15, 49, 'portrait');
INSERT INTO asset_entities (asset_id, entity_id, role) VALUES (16, 36, 'portrait');
INSERT INTO asset_entities (asset_id, entity_id, role) VALUES (17, 63, 'portrait');
INSERT INTO asset_entities (asset_id, entity_id, role) VALUES (19, 57, 'portrait');
INSERT INTO asset_entities (asset_id, entity_id, role) VALUES (20, 76, 'generated');
INSERT INTO asset_entities (asset_id, entity_id, role) VALUES (21, 100, 'generated');
INSERT INTO asset_entities (asset_id, entity_id, role) VALUES (22, 37, 'generated');
INSERT INTO asset_entities (asset_id, entity_id, role) VALUES (23, 56, 'generated');
INSERT INTO asset_entities (asset_id, entity_id, role) VALUES (24, 46, 'generated');
INSERT INTO asset_entities (asset_id, entity_id, role) VALUES (25, 43, 'generated');
INSERT INTO asset_entities (asset_id, entity_id, role) VALUES (26, 44, 'generated');
INSERT INTO asset_entities (asset_id, entity_id, role) VALUES (27, 58, 'generated');
INSERT INTO asset_entities (asset_id, entity_id, role) VALUES (28, 64, 'generated');
INSERT INTO asset_entities (asset_id, entity_id, role) VALUES (29, 104, 'voice');
INSERT INTO asset_entities (asset_id, entity_id, role) VALUES (30, 104, 'voice');
INSERT INTO asset_entities (asset_id, entity_id, role) VALUES (31, 104, 'voice');
INSERT INTO asset_entities (asset_id, entity_id, role) VALUES (32, 104, 'voice');
INSERT INTO asset_entities (asset_id, entity_id, role) VALUES (33, 104, 'voice');
INSERT INTO asset_entities (asset_id, entity_id, role) VALUES (34, 104, 'voice');
INSERT INTO asset_entities (asset_id, entity_id, role) VALUES (35, 104, 'voice');
INSERT INTO asset_entities (asset_id, entity_id, role) VALUES (36, 104, 'voice');
INSERT INTO asset_entities (asset_id, entity_id, role) VALUES (37, 104, 'voice');
INSERT INTO asset_entities (asset_id, entity_id, role) VALUES (38, 104, 'voice');
INSERT INTO asset_entities (asset_id, entity_id, role) VALUES (39, 104, 'voice');
INSERT INTO asset_entities (asset_id, entity_id, role) VALUES (40, 104, 'voice');
INSERT INTO asset_entities (asset_id, entity_id, role) VALUES (41, 104, 'voice');
INSERT INTO asset_entities (asset_id, entity_id, role) VALUES (43, 106, 'generated');
Done. api_keys=4 projects=6 entities=63 assets=65
INSERT INTO asset_entities (asset_id, entity_id, role) VALUES (46, 107, 'generated');
INSERT INTO asset_entities (asset_id, entity_id, role) VALUES (49, 108, 'generated');
INSERT INTO asset_entities (asset_id, entity_id, role) VALUES (51, 109, 'portrait');
INSERT INTO asset_entities (asset_id, entity_id, role) VALUES (53, 110, 'generated');
INSERT INTO asset_entities (asset_id, entity_id, role) VALUES (56, 120, 'generated');
INSERT INTO asset_entities (asset_id, entity_id, role) VALUES (57, 126, 'generated');
INSERT INTO asset_entities (asset_id, entity_id, role) VALUES (58, 116, 'generated');
INSERT INTO asset_entities (asset_id, entity_id, role) VALUES (59, 119, 'generated');
INSERT INTO asset_entities (asset_id, entity_id, role) VALUES (60, 118, 'generated');
INSERT INTO asset_entities (asset_id, entity_id, role) VALUES (62, 117, 'generated');
INSERT INTO asset_entities (asset_id, entity_id, role) VALUES (63, 127, 'generated');
INSERT INTO asset_entities (asset_id, entity_id, role) VALUES (64, 128, 'generated');
INSERT INTO asset_entities (asset_id, entity_id, role) VALUES (65, 129, 'generated');
SELECT setval('asset_entities_id_seq', 49);

SET session_replication_role = DEFAULT;

COMMIT;
